rank,brandName,productName,finalPrice,discountRatio,url
1,워크온바디오프,[기모/사계절] 릴렉스 세미 와이드 데님 팬츠 (5color),25920,61,https://www.musinsa.com/products/5717317
2,엘무드,페이즈 텐셀 트러커 자켓 카키,216000,10,https://www.musinsa.com/products/6034176
3,노스페이스,빅샷 25L/30L (3 color),147250,5,https://www.musinsa.com/products/5920951
4,쿠어,고트스킨 블루종 (블랙),522000,10,https://www.musinsa.com/products/5937694
5,스탠드오일,Velow Bag · 벨로우백,119000,0,https://www.musinsa.com/products/5303309
6,스컬프터,Cross Stud Strap Wallet Pink,98100,10,https://www.musinsa.com/products/5909873
7,에이티즈,ATEEZ(에이티즈) [GOLDEN HOUR : Part.4] (DIARY VER.),18600,0,https://www.musinsa.com/products/5968439
8,엘무드,세인트 램스킨 레더 보머 자켓 블랙,535500,10,https://www.musinsa.com/products/5316905
9,탄산마그네슘,마운틴 롱슬리브 (화이트/레드),39330,43,https://www.musinsa.com/products/5432652
10,무신사 스탠다드 우먼,우먼즈 신세틱 스웨이드 하이넥 블루종 재킷 [브라운],129900,0,https://www.musinsa.com/products/5151474
11,디미트리블랙,[기모선택] VLAD 원턱 커브드 트랙 스웻 팬츠_피그먼트 차콜,27990,26,https://www.musinsa.com/products/5367961
12,수아레,데일리 헨리넥 니트 - 5 COLOR,29900,49,https://www.musinsa.com/products/5453617
13,나이키,ACG 라바 플로우 써마 핏 ADV 재킷 M - 블랙:서밋 화이트 / HJ3736-010,230300,30,https://www.musinsa.com/products/5502933
14,알리스,[데일리룸X알리스] 페이디드 그레인 코튼 블루종 자켓 [빈티지그레이],115460,30,https://www.musinsa.com/products/5386037
15,에이티즈,ATEEZ(에이티즈) [GOLDEN HOUR : Part.4] (A VER.),18600,0,https://www.musinsa.com/products/5968160
16,텍스,TX304 커브드 배기 벌룬 데님 (블랙),34000,60,https://www.musinsa.com/products/5682006
17,보다나,하트밤 3Color,22900,8,https://www.musinsa.com/products/5812264
18,헬리녹스 웨어,이클립스 라이트팩 15/20L (4 color),133200,10,https://www.musinsa.com/products/6016515
19,디마프,히어로 마이 퍼스트 세럼 a.k.a. 만능기초 155ml,20400,40,https://www.musinsa.com/products/5367381
20,아디다스,클래식 트랙탑 - 블랙:화이트 / KE3527,109000,0,https://www.musinsa.com/products/5880366
21,노스페이스,NM2DR65A 빅샷 엠 BLACK,147250,5,https://www.musinsa.com/products/5788988
22,스탠드오일,Breezy Bag · 브리지백,149000,0,https://www.musinsa.com/products/5303152
23,유니온블루,CRAFT HENLEY L/S T-SHIRT [GRAPHITE],40600,30,https://www.musinsa.com/products/5444596
24,다슈,데일리 볼륨핏 스타일러 무선고데기 (+보조배터리 증정),80100,47,https://www.musinsa.com/products/6006404
25,효지,25 FW 워셔블 케이블 크롭 헨리넥 니트 (8컬러),35500,49,https://www.musinsa.com/products/5328224
26,도프제이슨,크리즈 레더 A-2 자켓 BLACK,151050,24,https://www.musinsa.com/products/5514061
27,잔스포츠,슈퍼패키지,65700,10,https://www.musinsa.com/products/5895083
28,엘무드,레이즈 새틴 나일론 블루종 자켓 다크 네이비,189000,10,https://www.musinsa.com/products/6034149
29,후브스,패널 믹스드 집업 져지 [블랙],69800,40,https://www.musinsa.com/products/5936538
30,소버먼트,780G 솔리드 크롭 후디 집업-8%멜란지 그레이-,50400,45,https://www.musinsa.com/products/5316297
31,쿠어,엔틱 램스킨 블루종 (다크브라운),522000,10,https://www.musinsa.com/products/5937686
32,키뮤어,리버시블 체크 헤링턴 점퍼,109850,35,https://www.musinsa.com/products/5318935
33,노스페이스,NM2DR66A 보레알리스 엠 BLACK,141550,5,https://www.musinsa.com/products/5920978
34,리드볼트,오딧 캐리어 펄스레드 (3SIZE),305000,0,https://www.musinsa.com/products/5608856
35,엠엘비,경량 커브패딩 NY (Black),199000,0,https://www.musinsa.com/products/5396757
36,효지,25 FW 워셔블 에센셜 라운드 크롭 니트 가디건 (7컬러),39900,47,https://www.musinsa.com/products/5328219
37,아캄,Washed Zipper Slit Denim Pants (Sky Blue),134400,20,https://www.musinsa.com/products/5476618
38,노머,피그먼트 다이드 레더 봄버 자켓 블랙,281200,28,https://www.musinsa.com/products/5537644
39,고스트리퍼블릭,커브드 사이드 핀턱 벌룬 스웨트팬츠 GLP-650_블랙,26900,53,https://www.musinsa.com/products/5308542
40,알리스,디파인드 스웨이드 해링턴 자켓 [브라운],121090,30,https://www.musinsa.com/products/5908004
41,디미트리블랙,[10주년기획] © 모두의 커브드 치노 팬츠_4 COLOR,29900,40,https://www.musinsa.com/products/5864297
42,다이브인,WASHED M65 FILED JACKET (BLACK),151200,20,https://www.musinsa.com/products/6036064
43,더콜디스트모먼트,TCM frame hooded zip-up (navy),70810,40,https://www.musinsa.com/products/5404492
44,룰루레몬,디파인 재킷 *Nulu  BONE,129000,30,https://www.musinsa.com/products/5737949
45,엠엘비,썸머 크로셰 미야옹 비니 NY (Black),43000,0,https://www.musinsa.com/products/5974717
46,무신사 스탠다드,커브드 데님 팬츠 [블랙],47490,5,https://www.musinsa.com/products/5815495
47,뉴발란스,NBPDGS197I / U204LMMC (IVORY),159000,0,https://www.musinsa.com/products/5981567
48,락피쉬웨더웨어,BLISS LACEUP SNEAKERS V2 - 5 colors,97700,15,https://www.musinsa.com/products/5358532
49,로맨틱무브,누타 로퍼 (WESTERN PACK) R26M211 / 워싱블랙,125000,40,https://www.musinsa.com/products/6026535
50,아웃스탠딩,[MUT lab] M-1943 FIELD JACKET_KHAKI,151200,10,https://www.musinsa.com/products/5936159
51,레더리,더블 포켓 스웨이드 블루종 자켓 [CREAM],98640,28,https://www.musinsa.com/products/5871969
52,오찌,[오찌x로파서울] 토피 스웨이드 클로그 FLOTFA3W49,60730,24,https://www.musinsa.com/products/5427399
53,아비브,오 드 퍼퓸 타입 N 50ml(+퍼퓸 2ml+쇼핑백 증정),45000,18,https://www.musinsa.com/products/5524898
54,비긴202,리지드 크롭 트러커 자켓 [캔버스 블랙],143200,20,https://www.musinsa.com/products/5941536
55,아디다스,이탈리아 70s - 다크브라운:블랙 / HQ9350,94990,40,https://www.musinsa.com/products/5329356
56,이알티알,Frontier Corduroy Harrington Jacket Black,149250,25,https://www.musinsa.com/products/5512833
57,포터리,Wool Sports Jacket (New) - 3 Color,359000,0,https://www.musinsa.com/products/5897765
58,락케이크,Check Layered 96 Wide 2way Jogger - Black,66940,44,https://www.musinsa.com/products/5398073
59,탄산마그네슘,마운틴 롱슬리브 (스카이블루),39330,43,https://www.musinsa.com/products/5376111
60,후브스,패널 믹스드 집업 져지 [차콜],69800,40,https://www.musinsa.com/products/5936569
61,무신사 스탠다드,[시티 워커스] 카머 싱글 트렌치 코트 [그레이],148790,7,https://www.musinsa.com/products/5755316
62,애습,세미 커브드 와이드 데님 - 흑청,59800,30,https://www.musinsa.com/products/6019972
63,코오롱스포츠,남성 안타티카 스탠다드 다운 TLJDW25631BLK,680000,20,https://www.musinsa.com/products/5665517
64,후브스,패널 헨리넥 후디 슬리브- 8Color,49800,40,https://www.musinsa.com/products/5937012
65,브라운브레스,[25FW] TAG OG HOODIE - 4 COLORS,75650,15,https://www.musinsa.com/products/6016046
66,락케이크,Boxer Layered Curved 2way Jogger - Black,83300,30,https://www.musinsa.com/products/5743668
67,팀버랜드,(남성) 헤리티지 목토 GTX 미드 - 브라운 / 37042-214,215990,25,https://www.musinsa.com/products/5496277
68,팬시클럽,아일렛 퍼 MA-1 (BLACK) F25ZA003,131400,40,https://www.musinsa.com/products/5322235
69,와이케이,체크 아플리케 롤업 코튼 팬츠 블랙,49000,50,https://www.musinsa.com/products/5636311
70,무신사 스탠다드,솔리드 CP 커브드 치노 팬츠 [베이지],47490,5,https://www.musinsa.com/products/5755343
71,후브스,VTG 워시드 필드 자켓[네이비],104300,30,https://www.musinsa.com/products/5993587
72,후브스,패널 컷오프 유넥 슬리브- 10Color,34200,40,https://www.musinsa.com/products/5937170
73,무신사 스탠다드,와플 헨리 넥 긴소매 티셔츠 [미디엄 그레이],37990,5,https://www.musinsa.com/products/5838004
74,두마로,시그니처 스타 로고 볼캡(29색상),14970,40,https://www.musinsa.com/products/5144396
75,브렌슨,코지 오버핏 크롭 기모 후드집업 ( 8Color ),33720,40,https://www.musinsa.com/products/5558463
76,비터셀즈,[2 PACK-컬러추가]에센셜 골지 티-11 colors,49140,37,https://www.musinsa.com/products/5334425
77,디앤에스알,[온플릭xDNSR] 레이어드 보트넥 롱슬리브 네이비,70400,20,https://www.musinsa.com/products/6033887
78,비긴202,엣지 워크 라보 팬츠 [페이드 베이지],119200,20,https://www.musinsa.com/products/5944939
79,플레어업,Layered Bustier Long Sleeve (FL-105_Gray),54200,39,https://www.musinsa.com/products/5861714
80,디앤에스알,[프리미엄] 람포 하이넥 베지터블 램스킨 자켓 블랙,569700,10,https://www.musinsa.com/products/5897431
81,스웨이드,CROPPED WASHED HOOD ZIP UP [WASHING NAVY],83390,23,https://www.musinsa.com/products/5930123
82,디미트리블랙,[10주년기획] © 모두의 밴딩 커브드 슬랙스_3 COLOR,27900,44,https://www.musinsa.com/products/5945210
83,마인드브릿지,[ON]크롭 라운드넥 오버핏 데일리 니트 - 3color,29900,63,https://www.musinsa.com/products/5872042
84,코드그라피,경량 후드 패딩_카키,79900,27,https://www.musinsa.com/products/5562220
85,호카,(남성) 클리프톤 10 와이드 / 1162032-BKSV,199000,0,https://www.musinsa.com/products/5847949
86,언타이틀 서울,유니콘 바시티 엠블럼 후드 집업 블랙,46200,50,https://www.musinsa.com/products/5756056
87,아디다스,BB 트랙탑 - 블랙:크림화이트 / KC9299,106200,24,https://www.musinsa.com/products/5329567
88,노스페이스,NJ3BS32L 화이트라벨 여성 노벨티 올레마 후디 WINE,178600,5,https://www.musinsa.com/products/6015694
89,테이크핏,테이크핏 맥스24G 초코맛 250mL x 24개,27200,53,https://www.musinsa.com/products/5858524
90,스케쳐스,남성 고워크 아치핏 엔조이_SP0MWCGX121,84650,14,https://www.musinsa.com/products/5839616
91,다이브인,NECK ZIP DETAIL MA-1 JACKET (KHAKI),135200,20,https://www.musinsa.com/products/6036000
92,스웨이드,CROPPED MA-1 [BLACK],109000,42,https://www.musinsa.com/products/5497996
93,아식스,젤-레졸루션 10 W(1042A279100) 테니스화,179000,0,https://www.musinsa.com/products/5892592
94,스웨이드,CROPPED WASHED HOOD ZIP UP [WASHING BLACK],76300,30,https://www.musinsa.com/products/5339710
95,아디다스,3-스트라이프 와이드 스웨트 팬츠 - 블랙:화이트 / JV7473,63000,40,https://www.musinsa.com/products/5451681
96,헬레네파리스,로우라이즈 페이디드 워싱 부츠컷 팬츠 [틴 실버 블루],56100,25,https://www.musinsa.com/products/5899974
97,디미트리블랙,[핏 선택] 포시즌 에센셜 원턱 커브드 스웻 팬츠_2COLOR,25000,44,https://www.musinsa.com/products/5864294
98,아비렉스,램 레더 바시티 재킷 / 7836150003 다크브라운,1651000,0,https://www.musinsa.com/products/5985164
99,애즈온,DUMBO WOOL JACKET / GRAY,156600,10,https://www.musinsa.com/products/5309552
100,드로우핏,[패션플래닛X드로우핏] 세미 와이드 치노 팬츠 [6color],59400,10,https://www.musinsa.com/products/5275962
